{
  "method": "paired-seed bootstrap, 10000 resamples, default_rng(42), 95% percentile",
  "sweep_delta_rel_ci": {
    "0.5": {
      "early": {
        "point": 0.17632878451594416,
        "lo": 0.11504339252105011,
        "hi": 0.3195286737049125
      },
      "mid": {
        "point": 0.4563953406091426,
        "lo": 0.2842261652762288,
        "hi": 0.7715062746120855
      },
      "late": {
        "point": 0.1487948914135056,
        "lo": -0.2843012716105249,
        "hi": 0.35937955160875346
      }
    },
    "1.0": {
      "early": {
        "point": 0.1621302772559772,
        "lo": 0.11657918997862046,
        "hi": 0.22361200436972245
      },
      "mid": {
        "point": 0.4558362300403666,
        "lo": 0.33745915254087694,
        "hi": 0.5838810684067148
      },
      "late": {
        "point": 0.24078994730079,
        "lo": 0.08608461846103023,
        "hi": 0.36486437218892886
      }
    },
    "2.0": {
      "early": {
        "point": 0.24220486826758258,
        "lo": 0.17407082605993143,
        "hi": 0.3168496776668747
      },
      "mid": {
        "point": 0.5444256286575111,
        "lo": 0.4377388674462045,
        "hi": 0.6482944700645171
      },
      "late": {
        "point": 0.29417683176760256,
        "lo": 0.19881343477303226,
        "hi": 0.384498519710447
      }
    },
    "3.5": {
      "early": {
        "point": 0.378993602296988,
        "lo": 0.2938389244819126,
        "hi": 0.46198484910769716
      },
      "mid": {
        "point": 0.6931961508864889,
        "lo": 0.5969037222612619,
        "hi": 0.7831252533893326
      },
      "late": {
        "point": 0.40533632095028843,
        "lo": 0.3082061402005989,
        "hi": 0.4998528083035607
      }
    },
    "5.0": {
      "early": {
        "point": 0.49403262244629215,
        "lo": 0.40351330790905743,
        "hi": 0.5803006005752281
      },
      "mid": {
        "point": 0.773789971733219,
        "lo": 0.6871151044700374,
        "hi": 0.8505091984023695
      },
      "late": {
        "point": 0.5000668386622482,
        "lo": 0.4081354032525729,
        "hi": 0.5887386484961153
      }
    },
    "7.0": {
      "early": {
        "point": 0.6083114978108779,
        "lo": 0.5234912057776705,
        "hi": 0.6859262306817212
      },
      "mid": {
        "point": 0.8323945953233731,
        "lo": 0.7484534609393003,
        "hi": 0.9019306354210438
      },
      "late": {
        "point": 0.5662415084562852,
        "lo": 0.47247982457102056,
        "hi": 0.6547513504517662
      }
    }
  },
  "sliding_delta_rel_ci": {
    "slide_0": {
      "point": 0.20490347912601428,
      "lo": 0.14887002777869468,
      "hi": 0.26403608217992147
    },
    "slide_1": {
      "point": 0.4503586601728458,
      "lo": 0.3634635042415414,
      "hi": 0.5353833137939287
    },
    "slide_2": {
      "point": 0.4649799081337524,
      "lo": 0.3789156248147081,
      "hi": 0.5481094209617301
    },
    "slide_3": {
      "point": 0.5356544529088527,
      "lo": 0.4460166558732023,
      "hi": 0.6208488582759496
    },
    "slide_4": {
      "point": 0.4890056289043995,
      "lo": 0.3793272670815316,
      "hi": 0.5900191245612673
    },
    "slide_5": {
      "point": 0.42072669125663686,
      "lo": 0.31598878532061997,
      "hi": 0.5195987083290685
    },
    "slide_6": {
      "point": 0.29139031151084394,
      "lo": 0.19522993427038957,
      "hi": 0.3828118307771076
    }
  }
}