{
  "1.0": {
    "25": {
      "W": 103.0,
      "p": 0.1134914755821228,
      "sig": false,
      "threshold": 0.0071428571428571435
    },
    "35": {
      "W": 152.0,
      "p": 0.0066541380365379155,
      "sig": true,
      "threshold": 0.0071428571428571435
    },
    "50": {
      "W": 362.0,
      "p": 0.007158095833210254,
      "sig": false,
      "threshold": 0.0071428571428571435
    }
  },
  "2.0": {
    "25": {
      "W": 53.0,
      "p": 0.002255260944366455,
      "sig": true,
      "threshold": 0.0071428571428571435
    },
    "35": {
      "W": 88.0,
      "p": 8.433760376647115e-05,
      "sig": true,
      "threshold": 0.0071428571428571435
    },
    "50": {
      "W": 187.0,
      "p": 4.028586058524297e-06,
      "sig": true,
      "threshold": 0.0071428571428571435
    }
  }
}