{
  "0.5": {
    "25": {
      "W": 129.0,
      "p": 0.3809837,
      "sig": false,
      "threshold": 0.0071428571428571435
    },
    "35": {
      "W": 248.0,
      "p": 0.2798506,
      "sig": false,
      "threshold": 0.0071428571428571435
    },
    "50": {
      "W": 492.0,
      "p": 0.1629323,
      "sig": false,
      "threshold": 0.0071428571428571435
    }
  },
  "1.0": {
    "25": {
      "W": 103.0,
      "p": 0.1134915,
      "sig": false,
      "threshold": 0.0071428571428571435
    },
    "35": {
      "W": 152.0,
      "p": 0.0066541,
      "sig": true,
      "threshold": 0.0071428571428571435
    },
    "50": {
      "W": 362.0,
      "p": 0.0071581,
      "sig": false,
      "threshold": 0.0071428571428571435
    }
  },
  "2.0": {
    "25": {
      "W": 53.0,
      "p": 0.0022553,
      "sig": true,
      "threshold": 0.0071428571428571435
    },
    "35": {
      "W": 88.0,
      "p": 8.43e-05,
      "sig": true,
      "threshold": 0.0071428571428571435
    },
    "50": {
      "W": 187.0,
      "p": 4e-06,
      "sig": true,
      "threshold": 0.0071428571428571435
    }
  },
  "3.5": {
    "25": {
      "W": 20.0,
      "p": 2.21e-05,
      "sig": true,
      "threshold": 0.0071428571428571435
    },
    "35": {
      "W": 50.0,
      "p": 1.8e-06,
      "sig": true,
      "threshold": 0.0071428571428571435
    },
    "50": {
      "W": 73.0,
      "p": 0.0,
      "sig": true,
      "threshold": 0.0071428571428571435
    }
  },
  "5.0": {
    "25": {
      "W": 16.0,
      "p": 1.01e-05,
      "sig": true,
      "threshold": 0.0071428571428571435
    },
    "35": {
      "W": 27.0,
      "p": 1e-07,
      "sig": true,
      "threshold": 0.0071428571428571435
    },
    "50": {
      "W": 27.0,
      "p": 0.0,
      "sig": true,
      "threshold": 0.0071428571428571435
    }
  },
  "7.0": {
    "25": {
      "W": 16.0,
      "p": 1.01e-05,
      "sig": true,
      "threshold": 0.0071428571428571435
    },
    "35": {
      "W": 18.0,
      "p": 0.0,
      "sig": true,
      "threshold": 0.0071428571428571435
    },
    "50": {
      "W": 20.0,
      "p": 0.0,
      "sig": true,
      "threshold": 0.0071428571428571435
    }
  }
}