{
  "0.5": {
    "25": {
      "early": {
        "p": 5.960464477539063e-08,
        "sig": true
      },
      "mid": {
        "p": 0.0014527440071105957,
        "sig": true
      },
      "late": {
        "p": 0.3809836506843567,
        "sig": false
      },
      "full": {
        "p": 0.018744707107543945,
        "sig": false
      }
    },
    "35": {
      "early": {
        "p": 5.820766091346741e-11,
        "sig": true
      },
      "mid": {
        "p": 0.00035537133226171136,
        "sig": true
      },
      "late": {
        "p": 0.27985057671321556,
        "sig": false
      },
      "full": {
        "p": 0.0011733303545042872,
        "sig": true
      }
    },
    "50": {
      "early": {
        "p": 1.7763568394002505e-15,
        "sig": true
      },
      "mid": {
        "p": 1.3667570399888973e-06,
        "sig": true
      },
      "late": {
        "p": 0.16293225736063377,
        "sig": false
      },
      "full": {
        "p": 4.6469730756726335e-05,
        "sig": true
      }
    }
  },
  "1.0": {
    "25": {
      "early": {
        "p": 5.960464477539063e-08,
        "sig": true
      },
      "mid": {
        "p": 0.000429689884185791,
        "sig": true
      },
      "late": {
        "p": 0.1134914755821228,
        "sig": false
      },
      "full": {
        "p": 1.4901161193847656e-06,
        "sig": true
      }
    },
    "35": {
      "early": {
        "p": 5.820766091346741e-11,
        "sig": true
      },
      "mid": {
        "p": 2.156151458621025e-05,
        "sig": true
      },
      "late": {
        "p": 0.0066541380365379155,
        "sig": true
      },
      "full": {
        "p": 4.0745362639427185e-09,
        "sig": true
      }
    },
    "50": {
      "early": {
        "p": 1.7763568394002505e-15,
        "sig": true
      },
      "mid": {
        "p": 4.578190981874286e-08,
        "sig": true
      },
      "late": {
        "p": 0.007158095833210254,
        "sig": false
      },
      "full": {
        "p": 4.3806736016449577e-11,
        "sig": true
      }
    }
  },
  "2.0": {
    "25": {
      "early": {
        "p": 5.960464477539063e-08,
        "sig": true
      },
      "mid": {
        "p": 5.960464477539063e-08,
        "sig": true
      },
      "late": {
        "p": 0.002255260944366455,
        "sig": true
      },
      "full": {
        "p": 5.960464477539063e-08,
        "sig": true
      }
    },
    "35": {
      "early": {
        "p": 5.820766091346741e-11,
        "sig": true
      },
      "mid": {
        "p": 4.0745362639427185e-09,
        "sig": true
      },
      "late": {
        "p": 8.433760376647115e-05,
        "sig": true
      },
      "full": {
        "p": 5.820766091346741e-11,
        "sig": true
      }
    },
    "50": {
      "early": {
        "p": 1.7763568394002505e-15,
        "sig": true
      },
      "mid": {
        "p": 5.453415496958769e-13,
        "sig": true
      },
      "late": {
        "p": 4.028586058524297e-06,
        "sig": true
      },
      "full": {
        "p": 1.7763568394002505e-15,
        "sig": true
      }
    }
  },
  "3.5": {
    "25": {
      "early": {
        "p": 5.960464477539063e-08,
        "sig": true
      },
      "mid": {
        "p": 5.960464477539063e-08,
        "sig": true
      },
      "late": {
        "p": 2.2113323211669922e-05,
        "sig": true
      },
      "full": {
        "p": 5.960464477539063e-08,
        "sig": true
      }
    },
    "35": {
      "early": {
        "p": 5.820766091346741e-11,
        "sig": true
      },
      "mid": {
        "p": 1.1641532182693481e-10,
        "sig": true
      },
      "late": {
        "p": 1.8101418390870094e-06,
        "sig": true
      },
      "full": {
        "p": 5.820766091346741e-11,
        "sig": true
      }
    },
    "50": {
      "early": {
        "p": 1.7763568394002505e-15,
        "sig": true
      },
      "mid": {
        "p": 5.861977570020827e-14,
        "sig": true
      },
      "late": {
        "p": 7.237197507947712e-10,
        "sig": true
      },
      "full": {
        "p": 1.7763568394002505e-15,
        "sig": true
      }
    }
  },
  "5.0": {
    "25": {
      "early": {
        "p": 5.960464477539063e-08,
        "sig": true
      },
      "mid": {
        "p": 5.960464477539063e-08,
        "sig": true
      },
      "late": {
        "p": 1.0073184967041016e-05,
        "sig": true
      },
      "full": {
        "p": 5.960464477539063e-08,
        "sig": true
      }
    },
    "35": {
      "early": {
        "p": 5.820766091346741e-11,
        "sig": true
      },
      "mid": {
        "p": 5.820766091346741e-11,
        "sig": true
      },
      "late": {
        "p": 7.33998604118824e-08,
        "sig": true
      },
      "full": {
        "p": 5.820766091346741e-11,
        "sig": true
      }
    },
    "50": {
      "early": {
        "p": 1.7763568394002505e-15,
        "sig": true
      },
      "mid": {
        "p": 1.7763568394002505e-15,
        "sig": true
      },
      "late": {
        "p": 2.239985974483716e-12,
        "sig": true
      },
      "full": {
        "p": 1.7763568394002505e-15,
        "sig": true
      }
    }
  },
  "7.0": {
    "25": {
      "early": {
        "p": 5.960464477539063e-08,
        "sig": true
      },
      "mid": {
        "p": 5.960464477539063e-08,
        "sig": true
      },
      "late": {
        "p": 1.0073184967041016e-05,
        "sig": true
      },
      "full": {
        "p": 5.960464477539063e-08,
        "sig": true
      }
    },
    "35": {
      "early": {
        "p": 5.820766091346741e-11,
        "sig": true
      },
      "mid": {
        "p": 5.820766091346741e-11,
        "sig": true
      },
      "late": {
        "p": 1.4726538211107254e-08,
        "sig": true
      },
      "full": {
        "p": 5.820766091346741e-11,
        "sig": true
      }
    },
    "50": {
      "early": {
        "p": 1.7763568394002505e-15,
        "sig": true
      },
      "mid": {
        "p": 1.7763568394002505e-15,
        "sig": true
      },
      "late": {
        "p": 6.590283874174929e-13,
        "sig": true
      },
      "full": {
        "p": 1.7763568394002505e-15,
        "sig": true
      }
    }
  }
}